Keyword,Source,Seed
cursor education,Bing,Cursor
cursor education,Google,Cursor
cursor 额度,Google,Cursor
cursor editor,Bing,Cursor
cursor editor,Google,Cursor
cursor额度用完,Google,Cursor
cursor 额外奖励用量,Google,Cursor
cursor 额度是什么,Google,Cursor
cursor 额度 查询,Google,Cursor
cursor 额度 用 完了,Google,Cursor
cursor extension,Bing,Cursor
cursor extension,Google,Cursor
cursor enterprise,Bing,Cursor
cursor enterprise,Google,Cursor
cursor额度怎么看,Bing,Cursor
cursor额度怎么看,Google,Cursor
cursor额度查看,Google,Cursor
cursor额度,Bing,Cursor
cursor额度用完了怎么办,Bing,Cursor
cursor使用教程,Bing,Cursor
cursor使用教程,Google,Cursor
cursor下载,Bing,Cursor
cursor下载,Google,Cursor
cursor 官网,Google,Cursor
cursor rules,Bing,Cursor
cursor rules,Google,Cursor
cursor cli,Bing,Cursor
cursor cli,Google,Cursor
cursor download,Bing,Cursor
cursor download,Google,Cursor
cursor 中文,Bing,Cursor
cursor 中文,Google,Cursor
cursor student,Bing,Cursor
cursor student,Google,Cursor
cursor mcp,Bing,Cursor
cursor mcp,Google,Cursor
cursor ai,Bing,Cursor
cursor ai,Google,Cursor
cursor是什么,Google,Cursor
cursor 教程,Google,Cursor
cursor设置中文,Bing,Cursor
cursor设置中文,Google,Cursor
cursor pro,Bing,Cursor
cursor pro,Google,Cursor
cursor官网,Bing,Cursor
cursor无限续杯,Bing,Cursor
cursor 学生认证,Bing,Cursor
cursor怎么设置中文,Bing,Cursor
cursor怎么设置中文,Google,Cursor
cursor中文,Bing,Cursor
cursor中文,Google,Cursor
cursor怎么用,Bing,Cursor
cursor怎么用,Google,Cursor
cursor更新,Bing,Cursor
cursor更新,Google,Cursor
cursor 购买,Google,Cursor
cursor github,Bing,Cursor
cursor github,Google,Cursor
cursor generate commit message 中文,Google,Cursor
cursor 国内使用,Google,Cursor
cursor挂了,Google,Cursor
cursor改成中文,Google,Cursor
cursor 估值,Google,Cursor
cursor gemini,Bing,Cursor
cursor gemini,Google,Cursor
cursor改中文,Bing,Cursor
cursor改中文,Google,Cursor
cursor 规则,Bing,Cursor
cursor 规则,Google,Cursor
cursor 高级用法,Google,Cursor
cursor国际版,Google,Cursor
cursor官网下载,Bing,Cursor
cursor购买,Bing,Cursor
cursor git插件,Bing,Cursor
cursor关闭自动更新,Bing,Cursor
cursor充值,Bing,Cursor
cursor充值,Google,Cursor
cursor claude,Bing,Cursor
cursor claude,Google,Cursor
cursor composer,Bing,Cursor
cursor composer,Google,Cursor
cursor claude code,Bing,Cursor
cursor claude code,Google,Cursor
cursor cli 使用,Google,Cursor
cursor composer是什么,Google,Cursor
cursor 查看使用量,Google,Cursor
cursor code,Bing,Cursor
cursor code,Google,Cursor
cursor copilot,Bing,Cursor
cursor copilot,Google,Cursor
cursor ctrl+鼠标左键无效,Bing,Cursor
cursor定价,Google,Cursor
cursor 代理,Bing,Cursor
cursor 代理,Google,Cursor
cursor 订阅,Google,Cursor
cursor代充,Google,Cursor
cursor登录,Bing,Cursor
cursor登录,Google,Cursor
cursor directory,Bing,Cursor
cursor directory,Google,Cursor
cursor 代理配置,Google,Cursor
cursor debug模式,Google,Cursor
cursor dashboard,Bing,Cursor
cursor dashboard,Google,Cursor
cursor登录不了,Google,Cursor
cursor多少钱,Google,Cursor
cursor 代理设置,Google,Cursor
cursor登录不上,Bing,Cursor
cursor多少钱一个月,Bing,Cursor
cursor 版本,Google,Cursor
cursor 编辑器,Bing,Cursor
cursor 编辑器,Google,Cursor
cursor browser,Bing,Cursor
cursor browser,Google,Cursor
cursor绑卡,Google,Cursor
cursor报错connection failed. if the problem persists please check your internet connection or vpn,Google,Cursor
cursor blog,Bing,Cursor
cursor blog,Google,Cursor
cursor 编程,Google,Cursor
cursor崩了,Google,Cursor
cursor bugbot,Bing,Cursor
cursor bugbot,Google,Cursor
cursor 本地模型,Bing,Cursor
cursor 本地模型,Google,Cursor
cursor 布局调整,Google,Cursor
cursor不支持支付宝,Google,Cursor
cursor 本地知识库,Bing,Cursor
cursor版本,Bing,Cursor
cursor背景改为白色,Bing,Cursor
cursor agent,Bing,Cursor
cursor agent,Google,Cursor
cursor安装,Google,Cursor
cursor auto 收费,Google,Cursor
cursor安装教程,Bing,Cursor
cursor安装教程,Google,Cursor
cursor auto,Bing,Cursor
cursor auto,Google,Cursor
cursor api,Bing,Cursor
cursor api,Google,Cursor
cursor 安装 claude code,Google,Cursor
cursor ai编程,Bing,Cursor
cursor ai编程,Google,Cursor
cursor ai官网,Bing,Cursor
cursor ai怎么用,Bing,Cursor
cursor ai怎么用,Google,Cursor
cursor auto是什么模型,Bing,Cursor
cursor agent模式,Bing,Cursor
cursor auto模式,Bing,Cursor
cursor ai白嫖,Bing,Cursor
cursor free,Bing,Cursor
cursor free,Google,Cursor
cursor figma,Bing,Cursor
cursor figma,Google,Cursor
cursor 费用,Google,Cursor
cursor 付费,Google,Cursor
cursor for students,Bing,Cursor
cursor for students,Google,Cursor
cursor figma mcp,Bing,Cursor
cursor figma mcp,Google,Cursor
cursor free plan,Bing,Cursor
cursor free plan,Google,Cursor
cursor 访问被阻止 请联系您的管理员,Google,Cursor
cursor figma mcp使用,Google,Cursor
cursor figma mcp 教程,Google,Cursor
cursor翻译,Bing,Cursor
cursor free vip使用教程,Bing,Cursor
cursor free vip 怎么使用,Bing,Cursor
cursor 开发票,Google,Cursor
cursor 快捷键,Google,Cursor
cursor可以用支付宝吗,Google,Cursor
cursor 开发java,Bing,Cursor
cursor 开发java,Google,Cursor
cursor 卡住,Google,Cursor
cursor可以使用自己的api吗,Google,Cursor
cursor可以几个人用,Google,Cursor
cursor 开源,Google,Cursor
cursor 卡,Google,Cursor
cursor卡在planning next moves,Google,Cursor
cursor 卡顿,Google,Cursor
cursor卡头,Google,Cursor
cursor可视化编辑,Google,Cursor
cursor卡片生成器,Google,Cursor
cursor 客户端,Google,Cursor
cursor快捷键,Bing,Cursor
cursor可以多人共用吗,Bing,Cursor
cursor快捷键设置,Bing,Cursor
cursor开发微信小程序,Bing,Cursor
cursor可以写java吗,Bing,Cursor
cursor 价格,Google,Cursor
cursor java,Bing,Cursor
cursor java,Google,Cursor
cursor 技巧,Google,Cursor
cursor介绍,Bing,Cursor
cursor介绍,Google,Cursor
cursor计费规则,Google,Cursor
cursor 计费,Google,Cursor
cursor 计费方式,Google,Cursor
cursor价格表,Bing,Cursor
cursor价格表,Google,Cursor
cursor接码,Google,Cursor
cursor 解除 地区 限制,Google,Cursor
cursor java开发,Bing,Cursor
cursor java开发,Google,Cursor
cursor接入gemini,Google,Cursor
cursor 接入deepseek,Google,Cursor
cursor接入自己的api,Google,Cursor
cursor价格,Bing,Cursor
cursor教程,Bing,Cursor
cursor教程,Google,Cursor
cursor java环境配置,Bing,Cursor
cursor教育优惠,Bing,Cursor
cursor接入deepseek,Bing,Cursor
cursor教育认证,Bing,Cursor
cursor on-demand usage,Bing,Cursor
cursor on-demand usage,Google,Cursor
cursor openrouter,Bing,Cursor
cursor openrouter,Google,Cursor
cursor online,Bing,Cursor
cursor online,Google,Cursor
cursor overleaf,Bing,Cursor
cursor overleaf,Google,Cursor
cursor on demand usage 是 什么,Google,Cursor
cursor opus,Bing,Cursor
cursor opus,Google,Cursor
cursor ollama,Bing,Cursor
cursor ollama,Google,Cursor
cursor 您 的 银行 卡 被 拒绝 了,Google,Cursor
cursor哪个模型最好用,Bing,Cursor
cursor哪个模型最好用,Google,Cursor
cursor 内置浏览器,Google,Cursor
cursor哪个模型好用,Bing,Cursor
cursor哪个模型好用,Google,Cursor
cursor 年度报告,Google,Cursor
cursor 年度总结,Google,Cursor
cursor 逆向,Google,Cursor
cursor能开发票吗,Google,Cursor
cursor 您必须拥有有效的手机号码才能注册。可能产生短信费用。,Google,Cursor
cursor年费退款,Google,Cursor
cursor 年终总结,Google,Cursor
cursor 内存 占用 高,Google,Cursor
cursor notepad 不见 了,Google,Cursor
cursor notepad,Bing,Cursor
cursor notepad,Google,Cursor
cursor nochanneling是什么意思,Bing,Cursor
cursor哪个公司的,Bing,Cursor
cursor哪些模型是免费的,Bing,Cursor
cursor 免费,Google,Cursor
cursor mcp 推荐,Bing,Cursor
cursor mcp 推荐,Google,Cursor
cursor免费使用,Bing,Cursor
cursor免费使用,Google,Cursor
cursor model not available,Bing,Cursor
cursor model not available,Google,Cursor
cursor 模型,Google,Cursor
cursor 模型选择,Google,Cursor
cursor mcp 使用,Google,Cursor
cursor 免费额度,Google,Cursor
cursor免费续杯,Google,Cursor
cursor免费试用,Google,Cursor
cursor没有claude,Google,Cursor
cursor mac,Bing,Cursor
cursor mac,Google,Cursor
cursor mcp配置,Bing,Cursor
cursor免费版,Bing,Cursor
cursor maven配置,Bing,Cursor
cursor ide,Bing,Cursor
cursor ide,Google,Cursor
cursor idea,Bing,Cursor
cursor idea,Google,Cursor
cursor infinity,Bing,Cursor
cursor infinity,Google,Cursor
cursor install,Bing,Cursor
cursor install,Google,Cursor
cursor ignore,Bing,Cursor
cursor ignore,Google,Cursor
cursor idea使用,Google,Cursor
cursor included usage,Bing,Cursor
cursor included usage,Google,Cursor
cursor idea插件,Bing,Cursor
cursor infinity插件,Bing,Cursor
cursor idea使用教程,Bing,Cursor
cursor infinity插件下载,Bing,Cursor
cursor import from vs code,Bing,Cursor
cursor import from vs code,Google,Cursor
cursor 论坛,Google,Cursor
cursor logo,Bing,Cursor
cursor logo,Google,Cursor
cursor连接远程服务器,Bing,Cursor
cursor连接远程服务器,Google,Cursor
cursor login,Bing,Cursor
cursor login,Google,Cursor
cursor 浏览器,Google,Cursor
cursor 蓝湖 mcp,Google,Cursor
cursor linux,Bing,Cursor
cursor linux,Google,Cursor
cursor连接ssh,Bing,Cursor
cursor连接ssh,Google,Cursor
cursor 历史记录,Google,Cursor
cursor 连接失败,Google,Cursor
cursor linux安装,Bing,Cursor
cursor linux安装,Google,Cursor
cursor历史版本,Bing,Cursor
cursor历史版本下载,Bing,Cursor
cursor会员,Bing,Cursor
cursor会员,Google,Cursor
cursor汉化,Bing,Cursor
cursor汉化,Google,Cursor
cursor和claude code,Google,Cursor
cursor和trae,Bing,Cursor
cursor和trae,Google,Cursor
cursor和claude,Bing,Cursor
cursor和claude,Google,Cursor
cursor和copilot,Google,Cursor
cursor好用吗,Google,Cursor
cursor很慢,Google,Cursor
cursor和vscode,Google,Cursor
cursor会员价格,Bing,Cursor
cursor会员价格,Google,Cursor
cursor合租,Bing,Cursor
cursor合租,Google,Cursor
cursor汉化教程,Bing,Cursor
cursor汉化教程,Google,Cursor
cursor很卡,Google,Cursor
cursor和copilot哪个好用,Bing,Cursor
cursor pro 额度,Google,Cursor
cursor plan模式,Bing,Cursor
cursor plan模式,Google,Cursor
cursor 配置代理,Google,Cursor
cursor配置mcp,Google,Cursor
cursor 平替,Google,Cursor
cursor配置,Google,Cursor
cursor pro trial,Bing,Cursor
cursor pro trial,Google,Cursor
cursor 拼车,Bing,Cursor
cursor 拼车,Google,Cursor
cursor proxy,Bing,Cursor
cursor proxy,Google,Cursor
cursor prompt,Bing,Cursor
cursor prompt,Google,Cursor
cursor pointer,Bing,Cursor
cursor pointer,Google,Cursor
cursor pro和普通版的区别,Bing,Cursor
cursor pro会员,Bing,Cursor
cursor pro额度,Bing,Cursor
cursor python环境配置,Bing,Cursor
cursor 企业版,Google,Cursor
cursor切换中文,Bing,Cursor
cursor切换中文,Google,Cursor
cursor 取消订阅,Google,Cursor
cursor 切换账号,Google,Cursor
cursor 切换主题,Google,Cursor
cursor 区域限制,Google,Cursor
cursor切换模型,Bing,Cursor
cursor切换模型,Google,Cursor
cursor 全局规则,Google,Cursor
cursor 取消 支付宝,Google,Cursor
cursor 前端开发,Google,Cursor
cursor取消自动续费,Bing,Cursor
cursor取消自动续费,Google,Cursor
cursor 清除缓存,Google,Cursor
cursor 前端开发rules,Google,Cursor
cursor 前端,Google,Cursor
cursor企业版多少钱,Google,Cursor
cursor切换账号,Bing,Cursor
cursor取消订阅,Bing,Cursor
cursor切换主题,Bing,Cursor
cursor企业版,Bing,Cursor
cursor清除缓存,Bing,Cursor
cursor qt开发,Bing,Cursor
cursor 提示词,Bing,Cursor
cursor 提示词,Google,Cursor
cursor 退款,Google,Cursor
cursor 添加自定义模型,Google,Cursor
cursor 替代,Google,Cursor
cursor team,Bing,Cursor
cursor team,Google,Cursor
cursor token登录,Google,Cursor
cursor添加模型,Google,Cursor
cursor 套餐,Google,Cursor
cursor退出账号,Google,Cursor
cursor trae,Bing,Cursor
cursor trae,Google,Cursor
cursor token,Bing,Cursor
cursor token,Google,Cursor
cursor tab补全失效,Bing,Cursor
cursor trae 对比,Bing,Cursor
cursor unity,Bing,Cursor
cursor unity,Google,Cursor
cursor ultra,Bing,Cursor
cursor ultra,Google,Cursor
cursor update,Bing,Cursor
cursor update,Google,Cursor
cursor usage,Bing,Cursor
cursor usage,Google,Cursor
cursor unity 调试,Google,Cursor
cursor ubuntu,Bing,Cursor
cursor ubuntu,Google,Cursor
cursor usage limit,Bing,Cursor
cursor usage limit,Google,Cursor
cursor user rules,Bing,Cursor
cursor user rules,Google,Cursor
cursor user is unauthorized,Bing,Cursor
cursor user is unauthorized,Google,Cursor
cursor user和system区别,Bing,Cursor
cursor ubuntu安装,Bing,Cursor
cursor如何使用,Bing,Cursor
cursor如何使用,Google,Cursor
cursor rules 推荐,Google,Cursor
cursor如何更新,Bing,Cursor
cursor如何更新,Google,Cursor
cursor如何设置中文,Bing,Cursor
cursor如何设置中文,Google,Cursor
cursor rules 最佳实践,Google,Cursor
cursor 如何设置代理,Google,Cursor
cursor 如何退款,Google,Cursor
cursor如何切换账号,Google,Cursor
cursor remote ssh,Bing,Cursor
cursor remote ssh,Google,Cursor
cursor 如何使用mcp,Google,Cursor
cursor rules配置,Google,Cursor
cursor如何连接远程服务器,Google,Cursor
cursor region 限制,Google,Cursor
cursor rules模板,Bing,Cursor
cursor如何打开聊天框,Bing,Cursor
cursor如何免费使用,Bing,Cursor
cursor skills,Bing,Cursor
cursor skills,Google,Cursor
cursor 使用,Google,Cursor
cursor收费,Google,Cursor
cursor 设置代理,Google,Cursor
cursor使用技巧,Google,Cursor
cursor试用,Google,Cursor
cursor使用codex,Google,Cursor
cursor 是哪个公司的,Google,Cursor
cursor收费标准,Google,Cursor
cursor 社区,Google,Cursor
cursor是哪个公司的,Bing,Cursor
cursor ssh连不上,Bing,Cursor
cursor ssh连接服务器,Bing,Cursor
cursor vscode,Bing,Cursor
cursor vscode,Google,Cursor
cursor vs claude code,Bing,Cursor
cursor vs claude code,Google,Cursor
cursor vpn,Bing,Cursor
cursor vpn,Google,Cursor
cursor vs codeium,Bing,Cursor
cursor vs codeium,Google,Cursor
cursor vpn 不稳定,Google,Cursor
cursor vs copilot,Bing,Cursor
cursor vs copilot,Google,Cursor
cursor vibe coding,Bing,Cursor
cursor vibe coding,Google,Cursor
cursor vscode extension,Bing,Cursor
cursor vscode extension,Google,Cursor
cursor vs trae,Bing,Cursor
cursor vs trae,Google,Cursor
cursor vscode插件,Bing,Cursor
cursor文档,Google,Cursor
cursor worktree,Bing,Cursor
cursor worktree,Google,Cursor
cursor无法使用claude,Google,Cursor
cursor 无法 跳 转 到 函数 定义,Google,Cursor
cursor网页版,Bing,Cursor
cursor网页版,Google,Cursor
cursor无法登录,Bing,Cursor
cursor无法登录,Google,Cursor
cursor web,Bing,Cursor
cursor web,Google,Cursor
cursor windsurf,Bing,Cursor
cursor windsurf,Google,Cursor
cursor wsl,Bing,Cursor
cursor wsl,Google,Cursor
cursor 无法使用,Google,Cursor
cursor windows,Bing,Cursor
cursor windows,Google,Cursor
cursor 网络不稳定,Google,Cursor
cursor 无法使用gpt5,Google,Cursor
cursor无限使用,Bing,Cursor
cursor windows下载,Bing,Cursor
cursor无限续杯工具,Bing,Cursor
cursor无限续杯github,Bing,Cursor
cursor 已损坏 无法打开。 你应该将它移到废纸篓。,Google,Cursor
cursor与claude code,Google,Cursor
cursor有免费额度吗,Google,Cursor
cursor you've hit your usage limit,Bing,Cursor
cursor you've hit your usage limit,Google,Cursor
cursor远程连接服务器,Bing,Cursor
cursor远程连接服务器,Google,Cursor
cursor一个月多少钱,Bing,Cursor
cursor一个月多少钱,Google,Cursor
cursor用法,Bing,Cursor
cursor用法,Google,Cursor
cursor语言,Google,Cursor
cursor一直planning next move,Google,Cursor
cursor 语言设置,Google,Cursor
cursor 用不了claude,Google,Cursor
cursor 用量,Google,Cursor
cursor 原理,Google,Cursor
cursor 压缩上下文,Google,Cursor
cursor 一亩三分地,Google,Cursor
cursor语言设置为中文,Bing,Cursor
cursor要钱吗,Bing,Cursor
cursor运行python,Bing,Cursor
cursor要翻墙吗,Bing,Cursor
cursor一个账号可以登录几个设备,Bing,Cursor
cursor与trae,Bing,Cursor
cursor一直planning next moves,Bing,Cursor
cursor ai code editor,Bing,Cursor AI
cursor ai code editor,Google,Cursor AI
cursor ai code,Bing,Cursor AI
cursor ai code,Google,Cursor AI
cursor ai coding,Bing,Cursor AI
cursor ai coding,Google,Cursor AI
cursor ai cli,Bing,Cursor AI
cursor ai cli,Google,Cursor AI
cursor ai chat,Bing,Cursor AI
cursor ai chat,Google,Cursor AI
cursor学生认证,Google,Cursor
cursor学生优惠,Bing,Cursor
cursor学生优惠,Google,Cursor
cursor续杯,Bing,Cursor
cursor续杯,Google,Cursor
cursor 学生,Google,Cursor
cursor学生认证教程,Google,Cursor
cursor续杯工具,Bing,Cursor
cursor续杯工具,Google,Cursor
cursor 写代码,Google,Cursor
cursor 修改密码,Google,Cursor
cursor 修改主题,Google,Cursor
cursor选择模型,Google,Cursor
cursor修改语言,Google,Cursor
cursor卸载,Bing,Cursor
cursor卸载,Google,Cursor
cursor下载安装,Google,Cursor
cursor下载官网,Bing,Cursor
cursor下载安装教程,Bing,Cursor
cursor需要翻墙吗,Bing,Cursor
cursor 学生认证没有中国,Bing,Cursor
cursor下载教程,Bing,Cursor
cursor ai best practices,Bing,Cursor AI
cursor ai best practices,Google,Cursor AI
cursor ai bypass,Bing,Cursor AI
cursor ai bypass,Google,Cursor AI
cursor ai download,Bing,Cursor AI
cursor ai download,Google,Cursor AI
cursor ai 多少钱,Google,Cursor AI
cursor ai deepseek,Bing,Cursor AI
cursor ai deepseek,Google,Cursor AI
cursor账号,Bing,Cursor
cursor账号,Google,Cursor
cursor注册,Bing,Cursor
cursor注册,Google,Cursor
cursor 自定义模型,Google,Cursor
cursor中文设置,Bing,Cursor
cursor中文设置,Google,Cursor
cursor 账号 购买,Google,Cursor
cursor 支付宝,Google,Cursor
cursor怎么看剩余额度,Google,Cursor
cursor 主题 推荐,Google,Cursor
cursor最新版本,Google,Cursor
cursor 主题,Google,Cursor
cursor 支付宝订阅,Google,Cursor
cursor注册手机号怎么填,Google,Cursor
cursor注册需要手机号,Bing,Cursor
cursor怎么读,Bing,Cursor
cursor怎么使用,Bing,Cursor
cursor怎么使用,Google,Cursor
cursor中文插件,Bing,Cursor
cursor怎么更新,Bing,Cursor
cursor注册手机号,Bing,Cursor
cursor ai是什么,Google,Cursor AI
cursor ai教程,Google,Cursor AI
cursor ai editor,Bing,Cursor AI
cursor ai editor,Google,Cursor AI
cursor ai ide,Bing,Cursor AI
cursor ai ide,Google,Cursor AI
cursor ai agent,Bing,Cursor AI
cursor ai agent,Google,Cursor AI
cursor ai pricing,Bing,Cursor AI
cursor ai pricing,Google,Cursor AI
cursor ai 使用,Google,Cursor AI
cursor ai 中文,Google,Cursor AI
cursor ai使用教程,Google,Cursor AI
cursor ai中文,Bing,Cursor AI
cursor ai下载,Bing,Cursor AI
cursor ai下载,Google,Cursor AI
cursor ai怎么打开,Bing,Cursor AI
cursor ai vscode,Bing,Cursor AI
cursor ai vscode,Google,Cursor AI
cursor ai api,Bing,Cursor AI
cursor ai api,Google,Cursor AI
cursor ai alternative free,Bing,Cursor AI
cursor ai alternative free,Google,Cursor AI
cursor ai app,Bing,Cursor AI
cursor ai app,Google,Cursor AI
cursor ai account,Bing,Cursor AI
cursor ai account,Google,Cursor AI
cursor ai architecture,Bing,Cursor AI
cursor ai architecture,Google,Cursor AI
cursor ai android studio,Bing,Cursor AI
cursor ai android studio,Google,Cursor AI
cursor ai 股票,Google,Cursor AI
cursor ai工具,Google,Cursor AI
cursor ai github,Bing,Cursor AI
cursor ai github,Google,Cursor AI
cursor ai godot,Bing,Cursor AI
cursor ai godot,Google,Cursor AI
cursor ai 公司,Google,Cursor AI
cursor ai guide,Bing,Cursor AI
cursor ai guide,Google,Cursor AI
cursor ai gemini,Bing,Cursor AI
cursor ai gemini,Google,Cursor AI
cursor ai官网入口,Bing,Cursor AI
cursor ai education,Bing,Cursor AI
cursor ai education,Google,Cursor AI
cursor ai extension,Bing,Cursor AI
cursor ai extension,Google,Cursor AI
cursor ai editor download,Bing,Cursor AI
cursor ai editor download,Google,Cursor AI
cursor ai enterprise,Bing,Cursor AI
cursor ai enterprise,Google,Cursor AI
cursor ai enterprise pricing,Bing,Cursor AI
cursor ai enterprise pricing,Google,Cursor AI
cursor ai 费用,Google,Cursor AI
cursor ai free trial,Bing,Cursor AI
cursor ai free trial,Google,Cursor AI
cursor ai free plan,Bing,Cursor AI
cursor ai free plan,Google,Cursor AI
cursor ai free,Bing,Cursor AI
cursor ai free,Google,Cursor AI
cursor ai for students,Bing,Cursor AI
cursor ai for students,Google,Cursor AI
cursor ai founders,Bing,Cursor AI
cursor ai founders,Google,Cursor AI
cursor ai help,Bing,Cursor AI
cursor ai help,Google,Cursor AI
cursor ai how it works,Bing,Cursor AI
cursor ai how it works,Google,Cursor AI
cursor ai history,Bing,Cursor AI
cursor ai history,Google,Cursor AI
cursor ai how to open chat,Bing,Cursor AI
cursor ai how to open chat,Google,Cursor AI
cursor ai headquarters,Bing,Cursor AI
cursor ai headquarters,Google,Cursor AI
cursor ai 会社,Bing,Cursor AI
cursor ai icon,Bing,Cursor AI
cursor ai icon,Google,Cursor AI
cursor ai intellij,Bing,Cursor AI
cursor ai intellij,Google,Cursor AI
cursor ai idea,Bing,Cursor AI
cursor ai idea,Google,Cursor AI
cursor ai install,Bing,Cursor AI
cursor ai install,Google,Cursor AI
cursor ai image,Bing,Cursor AI
cursor ai image,Google,Cursor AI
cursor ai 教学,Google,Cursor AI
cursor ai 价格,Bing,Cursor AI
cursor ai 价格,Google,Cursor AI
cursor ai 介绍,Bing,Cursor AI
cursor ai 介绍,Google,Cursor AI
cursor ai java,Bing,Cursor AI
cursor ai java,Google,Cursor AI
cursor ai jetbrains,Bing,Cursor AI
cursor ai jetbrains,Google,Cursor AI
cursor ai jobs,Bing,Cursor AI
cursor ai jobs,Google,Cursor AI
cursor ai 教程,Bing,Cursor AI
cursor ai 教學,Bing,Cursor AI
cursor ai 介紹,Bing,Cursor AI
cursor ai 解約,Bing,Cursor AI
cursor ai logo,Bing,Cursor AI
cursor ai logo,Google,Cursor AI
cursor ai limit,Bing,Cursor AI
cursor ai limit,Google,Cursor AI
cursor ai linux,Bing,Cursor AI
cursor ai linux,Google,Cursor AI
cursor ai login,Bing,Cursor AI
cursor ai login,Google,Cursor AI
cursor ai latest version,Bing,Cursor AI
cursor ai latest version,Google,Cursor AI
cursor ai logo png,Bing,Cursor AI
cursor ai logo png,Google,Cursor AI
cursor ai local llm,Bing,Cursor AI
cursor ai local llm,Google,Cursor AI
cursor ai 开发魔法课,Google,Cursor AI
cursor ai keeps crashing,Bing,Cursor AI
cursor ai keeps crashing,Google,Cursor AI
cursor ai kullanımı,Bing,Cursor AI
cursor ai kullanımı,Google,Cursor AI
cursor ai kostenlos,Bing,Cursor AI
cursor ai kostenlos,Google,Cursor AI
cursor ai快捷键,Bing,Cursor AI
cursor ai 开发,Bing,Cursor AI
cursor ai model,Bing,Cursor AI
cursor ai model,Google,Cursor AI
cursor ai 模型,Google,Cursor AI
cursor ai mac,Bing,Cursor AI
cursor ai mac,Google,Cursor AI
cursor ai matlab,Bing,Cursor AI
cursor ai matlab,Google,Cursor AI
cursor ai online,Bing,Cursor AI
cursor ai online,Google,Cursor AI
cursor ai online editor,Bing,Cursor AI
cursor ai online editor,Google,Cursor AI
cursor ai ollama,Bing,Cursor AI
cursor ai ollama,Google,Cursor AI
cursor ai open chat,Bing,Cursor AI
cursor ai open chat,Google,Cursor AI
cursor ai on vscode,Bing,Cursor AI
cursor ai on vscode,Google,Cursor AI
cursor ai owner,Bing,Cursor AI
cursor ai owner,Google,Cursor AI
cursor ai open source alternative,Bing,Cursor AI
cursor ai open source alternative,Google,Cursor AI
cursor ai powered,Bing,Cursor AI
cursor ai powered,Google,Cursor AI
cursor ai pro,Bing,Cursor AI
cursor ai pro,Google,Cursor AI
cursor ai programming,Bing,Cursor AI
cursor ai programming,Google,Cursor AI
cursor ai pro github,Bing,Cursor AI
cursor ai pro github,Google,Cursor AI
cursor ai que es,Bing,Cursor AI
cursor ai que es,Google,Cursor AI
cursor ai qt,Bing,Cursor AI
cursor ai qt,Google,Cursor AI
cursor ai 企業,Bing,Cursor AI
cursor ai 駆動開発,Bing,Cursor AI
cursor ai切替,Bing,Cursor AI
cursor ai卡死,Bing,Cursor AI
cursor ai卡顿,Bing,Cursor AI
cursor ai 前端,Bing,Cursor AI
cursor ai 切换模型,Bing,Cursor AI
cursor ai 情報漏洩,Bing,Cursor AI
cursor ai 切り替え,Bing,Cursor AI
cursor ai not working,Bing,Cursor AI
cursor ai not working,Google,Cursor AI
cursor ai net worth,Bing,Cursor AI
cursor ai net worth,Google,Cursor AI
cursor ai news,Bing,Cursor AI
cursor ai news,Google,Cursor AI
cursor ai not responding,Bing,Cursor AI
cursor ai not responding,Google,Cursor AI
cursor ai nedir,Bing,Cursor AI
cursor ai nedir,Google,Cursor AI
cursor ai nvim,Bing,Cursor AI
cursor ai nvim,Google,Cursor AI
cursor ai 收费,Google,Cursor AI
cursor ai student,Bing,Cursor AI
cursor ai student,Google,Cursor AI
cursor ai stock,Bing,Cursor AI
cursor ai stock,Google,Cursor AI
cursor如何退款,Google,Cursor AI
cursor 融资,Google,Cursor AI
cursor如何设置代理,Google,Cursor AI
cursor如何修改密码,Google,Cursor AI
cursor如何充值,Bing,Cursor AI
cursor如何充值,Google,Cursor AI
cursor入门,Google,Cursor AI
cursor软件,Google,Cursor AI
cursor如何配置代理,Google,Cursor AI
cursor如何升级,Google,Cursor AI
cursor ai tool,Bing,Cursor AI
cursor ai tool,Google,Cursor AI
cursor ai tutorial,Bing,Cursor AI
cursor ai tutorial,Google,Cursor AI
cursor ai team,Bing,Cursor AI
cursor ai team,Google,Cursor AI
cursor ai training,Bing,Cursor AI
cursor ai training,Google,Cursor AI
cursor ai trial,Bing,Cursor AI
cursor ai trial,Google,Cursor AI
cursor ai wiki,Bing,Cursor AI
cursor ai wiki,Google,Cursor AI
cursor ai windows,Bing,Cursor AI
cursor ai windows,Google,Cursor AI
cursor ai what is it,Bing,Cursor AI
cursor ai what is it,Google,Cursor AI
cursor ai web,Bing,Cursor AI
cursor ai web,Google,Cursor AI
cursor ai with intellij,Bing,Cursor AI
cursor ai with intellij,Google,Cursor AI
cursor ai with vs code,Bing,Cursor AI
cursor ai with vs code,Google,Cursor AI
cursor ai vscode 教学,Google,Cursor AI
cursor ai vibe coding,Bing,Cursor AI
cursor ai vibe coding,Google,Cursor AI
cursor ai vs copilot,Bing,Cursor AI
cursor ai vs copilot,Google,Cursor AI
cursor ai vs claude,Bing,Cursor AI
cursor ai vs claude,Google,Cursor AI
cursor ai vs claude code,Bing,Cursor AI
cursor ai vs claude code,Google,Cursor AI
cursor ai valuation,Bing,Cursor AI
cursor ai valuation,Google,Cursor AI
cursor ai vs github copilot,Bing,Cursor AI
cursor ai vs github copilot,Google,Cursor AI
cursor ai 学生,Bing,Cursor AI
cursor ai 学生,Google,Cursor AI
cursor ai 学生 免费,Google,Cursor AI
cursor ai xcode,Bing,Cursor AI
cursor ai xcode,Google,Cursor AI
cursor ai写代码,Bing,Cursor AI
cursor ai 消費税,Bing,Cursor AI
cursor ai限制,Bing,Cursor AI
cursor ai 学習,Bing,Cursor AI
cursor ai 下載,Bing,Cursor AI
cursor ai 下载插件,Bing,Cursor AI
cursor ai 消えた,Bing,Cursor AI
cursor ai zen mode,Bing,Cursor AI
cursor ai zen mode,Google,Cursor AI
cursor ai zip,Bing,Cursor AI
cursor ai zip,Google,Cursor AI
cursor ai zip download,Bing,Cursor AI
cursor ai zip download,Google,Cursor AI
cursor ai中文回复,Bing,Cursor AI
cursor ai怎么设置中文,Bing,Cursor AI
cursor ai 値段,Bing,Cursor AI
cursor ai 中文介面,Bing,Cursor AI
cursor ai 制限,Bing,Cursor AI
cursor ai 账号,Bing,Cursor AI
cursor pro auto,Bing,Cursor Pro
cursor pro auto,Google,Cursor Pro
cursor pro account,Bing,Cursor Pro
cursor pro account,Google,Cursor Pro
cursor pro ai,Bing,Cursor Pro
cursor pro ai,Google,Cursor Pro
cursor pro account buy,Bing,Cursor Pro
cursor pro account buy,Google,Cursor Pro
cursor pro assistant,Bing,Cursor Pro
cursor pro assistant,Google,Cursor Pro
cursor pro agent使用限额,Bing,Cursor Pro
cursor pro agent额度,Bing,Cursor Pro
cursor ai youtube,Bing,Cursor AI
cursor ai youtube,Google,Cursor AI
cursor ai yolo mode,Bing,Cursor AI
cursor ai yolo mode,Google,Cursor AI
cursor ai yearly subscription,Bing,Cursor AI
cursor ai yearly subscription,Google,Cursor AI
cursor ai 用不了,Bing,Cursor AI
cursor ai语言设置,Bing,Cursor AI
cursor ai用法,Bing,Cursor AI
cursor ai优势,Bing,Cursor AI
cursor ai要钱吗,Bing,Cursor AI
cursor ai 言語,Bing,Cursor AI
cursor ai 予測変換,Bing,Cursor AI
cursor ai unity,Bing,Cursor AI
cursor ai unity,Google,Cursor AI
cursor ai usage limit,Bing,Cursor AI
cursor ai usage limit,Google,Cursor AI
cursor ai ubuntu,Bing,Cursor AI
cursor ai ubuntu,Google,Cursor AI
cursor ai unreal engine,Bing,Cursor AI
cursor ai unreal engine,Google,Cursor AI
cursor ai usage,Bing,Cursor AI
cursor ai usage,Google,Cursor AI
cursor ai update,Bing,Cursor AI
cursor ai update,Google,Cursor AI
cursor ai uses,Bing,Cursor AI
cursor ai uses,Google,Cursor AI
cursor ai unlimited free,Bing,Cursor AI
cursor ai unlimited free,Google,Cursor AI
cursor proxy 设置,Google,Cursor Pro
cursor prompt 推荐,Google,Cursor Pro
cursor pro 购买,Google,Cursor Pro
cursor pro student,Bing,Cursor Pro
cursor pro student,Google,Cursor Pro
cursor pro和pro+区别,Google,Cursor Pro
cursor pro 和 ultra 的 区别,Google,Cursor Pro
cursor pro账号,Bing,Cursor Pro
cursor pro账号,Google,Cursor Pro
cursor pro plus,Bing,Cursor Pro
cursor pro plus,Google,Cursor Pro
cursor pro版本,Google,Cursor Pro
cursor pro用量,Google,Cursor Pro
cursor pro的额度是多少,Google,Cursor Pro
cursor pro学生优惠,Bing,Cursor Pro
cursor pro有次数限制吗,Bing,Cursor Pro
cursor pro plan,Bing,Cursor Pro
cursor pro plan,Google,Cursor Pro
cursor pro github,Bing,Cursor Pro
cursor pro github,Google,Cursor Pro
cursor pro有多少额度,Bing,Cursor Pro
cursor pro有多少额度,Google,Cursor Pro
cursor pro充值,Bing,Cursor Pro
cursor pro充值,Google,Cursor Pro
cursor pro 次数,Google,Cursor Pro
cursor pro claude,Bing,Cursor Pro
cursor pro claude,Google,Cursor Pro
cursor pro crack,Bing,Cursor Pro
cursor pro crack,Google,Cursor Pro
cursor pro code,Bing,Cursor Pro
cursor pro code,Google,Cursor Pro
cursor pro 超额,Bing,Cursor Pro
cursor pro edu,Bing,Cursor Pro
cursor pro edu,Google,Cursor Pro
cursor pro额度多少,Bing,Cursor Pro
cursor pro额度多少,Google,Cursor Pro
cursor pro education,Bing,Cursor Pro
cursor pro education,Google,Cursor Pro
cursor pro estudante,Bing,Cursor Pro
cursor pro estudante,Google,Cursor Pro
cursor pro everyday,Bing,Cursor Pro
cursor pro everyday,Google,Cursor Pro
cursor pro 额度是多少,Bing,Cursor Pro
cursor pro额度有多少,Bing,Cursor Pro
cursor pro额度限制,Bing,Cursor Pro
cursor pro 额度用完了,Bing,Cursor Pro
cursor pro 的额度,Google,Cursor Pro
cursor pro多少钱,Bing,Cursor Pro
cursor pro多少钱,Google,Cursor Pro
cursor pro 多少token,Bing,Cursor Pro
cursor pro 多少token,Google,Cursor Pro
cursor pro订阅,Bing,Cursor Pro
cursor pro订阅,Google,Cursor Pro
cursor pro的限制,Google,Cursor Pro
cursor pro的权益,Google,Cursor Pro
cursor pro多少钱一个月,Bing,Cursor Pro
cursor pro多少钱一个月,Google,Cursor Pro
cursor pro discount,Bing,Cursor Pro
cursor pro discount,Google,Cursor Pro
cursor 怎么用,Google,Cursor Pro
cursor pro的额度,Bing,Cursor Pro
cursor pro 定价,Bing,Cursor Pro
cursor pro 订购,Bing,Cursor Pro
cursor pro 多少次,Bing,Cursor Pro
cursor pro 不够用,Google,Cursor Pro
cursor pro版,Google,Cursor Pro
cursor pro版本额度,Google,Cursor Pro
cursor pro business,Bing,Cursor Pro
cursor pro business,Google,Cursor Pro
cursor pro版本够用吗,Bing,Cursor Pro
cursor pro business 区别,Bing,Cursor Pro
cursor pro版有次数限制吗,Bing,Cursor Pro
cursor pro版本有多少token,Bing,Cursor Pro
cursor pro 够 用 吗,Google,Cursor Pro
cursor pro功能,Google,Cursor Pro
cursor programming,Bing,Cursor Pro
cursor programming,Google,Cursor Pro
cursor pro gratis,Bing,Cursor Pro
cursor pro gratis,Google,Cursor Pro
cursor pro购买,Bing,Cursor Pro
cursor pro 功能,Bing,Cursor Pro
cursor pro 够用吗,Bing,Cursor Pro
cursor pro for students,Bing,Cursor Pro
cursor pro for students,Google,Cursor Pro
cursor pro free,Bing,Cursor Pro
cursor pro free,Google,Cursor Pro
cursor pro方案,Google,Cursor Pro
cursor pro free github,Bing,Cursor Pro
cursor pro free github,Google,Cursor Pro
cursor pro free trial,Bing,Cursor Pro
cursor pro free trial,Google,Cursor Pro
cursor pro free account,Bing,Cursor Pro
cursor pro free account,Google,Cursor Pro
cursor profile,Bing,Cursor Pro
cursor profile,Google,Cursor Pro
cursor pro和pro+,Bing,Cursor Pro
cursor pro和pro+,Google,Cursor Pro
cursor pro 会员,Google,Cursor Pro
cursor pro会员额度,Bing,Cursor Pro
cursor pro会员额度,Google,Cursor Pro
cursor pro和普通版区别,Google,Cursor Pro
cursor pro how many requests,Bing,Cursor Pro
cursor pro how many requests,Google,Cursor Pro
cursor pro helper,Bing,Cursor Pro
cursor pro helper,Google,Cursor Pro
cursor pro和ultra区别,Bing,Cursor Pro
cursor pro和pro+的区别,Bing,Cursor Pro
cursor pro和business区别,Bing,Cursor Pro
cursor pro和ultra的区别,Bing,Cursor Pro
cursor pro会员破解,Bing,Cursor Pro
cursor pro 会员升级订阅,Bing,Cursor Pro
cursor pro india,Bing,Cursor Pro
cursor pro india,Google,Cursor Pro
cursor pro 价格,Google,Cursor Pro
cursor pro 计 费 规则,Google,Cursor Pro
cursor pro 计费,Bing,Cursor Pro
cursor pro 计费,Google,Cursor Pro
cursor pro计划,Google,Cursor Pro
cursor pro价格,Bing,Cursor Pro
cursor pro计费规则,Bing,Cursor Pro
cursor pro 教育优惠,Bing,Cursor Pro
cursor pro 金額,Bing,Cursor Pro
cursor project rules怎么使用,Bing,Cursor Pro
cursor project settings打不开,Bing,Cursor Pro
cursor pro limit,Bing,Cursor Pro
cursor pro limit,Google,Cursor Pro
cursor pro license,Bing,Cursor Pro
cursor pro license,Google,Cursor Pro
cursor pro linux,Bing,Cursor Pro
cursor pro linux,Google,Cursor Pro
cursor pro login,Bing,Cursor Pro
cursor pro login,Google,Cursor Pro
cursor pro 料金,Bing,Cursor Pro
cursor pro两周试用,Bing,Cursor Pro
cursor pro max,Bing,Cursor Pro
cursor pro max,Google,Cursor Pro
cursor pro 模型,Google,Cursor Pro
cursor pro免费体验,Google,Cursor Pro
cursor pro multiple users,Bing,Cursor Pro
cursor pro multiple users,Google,Cursor Pro
cursor pro无限使用,Bing,Cursor Pro
cursor pro免费,Bing,Cursor Pro
cursor pro 无限续杯,Bing,Cursor Pro
cursor prompt设置,Bing,Cursor Pro
cursor prompt 模板,Bing,Cursor Pro
cursor pro可以几个人用,Bing,Cursor Pro
cursor pro可以几个人用,Google,Cursor Pro
cursor pro可以用多久,Google,Cursor Pro
cursor pro可以使用哪些模型,Bing,Cursor Pro
cursor pro可以使用哪些模型,Google,Cursor Pro
cursor pro可以使用多少次,Bing,Cursor Pro
cursor pro会员多少钱,Bing,Cursor Pro
cursor pro可以用多少,Bing,Cursor Pro
cursor pro可以同时登陆几个设备,Bing,Cursor Pro
cursor pro可以无限用吗,Bing,Cursor Pro
cursor pro 可以用什么模型,Bing,Cursor Pro
cursor pro 区别,Bing,Cursor Pro
cursor pro 区别,Google,Cursor Pro
cursor pro能用多少,Google,Cursor Pro
cursor pro能用多久,Bing,Cursor Pro
cursor pro能用多久,Google,Cursor Pro
cursor pro能用多少token,Google,Cursor Pro
cursor pro能用哪些模型,Bing,Cursor Pro
cursor pro能用哪些模型,Google,Cursor Pro
cursor pronunciation,Bing,Cursor Pro
cursor pronunciation,Google,Cursor Pro
cursor pro能用多少次,Bing,Cursor Pro
cursor pro 年费,Bing,Cursor Pro
cursor pro哪个模型最好用,Bing,Cursor Pro
cursor pro能做什么,Bing,Cursor Pro
cursor pro哪个模型好用,Bing,Cursor Pro
cursor pro能开发票吗,Bing,Cursor Pro
cursor pro能使用多少次,Bing,Cursor Pro
cursor pro pro+ ultra,Bing,Cursor Pro
cursor pro pro+ ultra,Google,Cursor Pro
cursor pro 拼车,Google,Cursor Pro
cursor pro price,Bing,Cursor Pro
cursor pro price,Google,Cursor Pro
cursor pro pro+区别,Google,Cursor Pro
cursor pro plan是什么,Bing,Cursor Pro
cursor pro破解版,Bing,Cursor Pro
cursor pro 破解,Bing,Cursor Pro
cursor pro权益,Bing,Cursor Pro
cursor pro权益,Google,Cursor Pro
cursor pro quota,Bing,Cursor Pro
cursor pro quota,Google,Cursor Pro
cursor pro权限,Bing,Cursor Pro
cursorpro卡密,Bing,Cursor Pro
cursor pro七日免费,Bing,Cursor Pro
cursor pro请求次数,Bing,Cursor Pro
cursor pro七天试用,Bing,Cursor Pro
cursor pro取消订阅,Bing,Cursor Pro
cursor pro取消限制,Bing,Cursor Pro
cursor pro套餐,Google,Cursor Pro
cursor pro token limit,Bing,Cursor Pro
cursor pro token limit,Google,Cursor Pro
cursor pro token限制,Bing,Cursor Pro
cursor pro token限制,Google,Cursor Pro
cursor pro trial是什么,Bing,Cursor Pro
cursor pro trial是什么,Google,Cursor Pro
cursor pro trial账号,Google,Cursor Pro
cursor pro 退款,Google,Cursor Pro
cursor pro trial是什么意思,Bing,Cursor Pro
cursor pro required,Bing,Cursor Pro
cursor pro required,Google,Cursor Pro
cursor pro reddit,Bing,Cursor Pro
cursor pro reddit,Google,Cursor Pro
cursor pro required怎么解决,Bing,Cursor Pro
cursor pro如何使用,Bing,Cursor Pro
cursor pro如何购买,Bing,Cursor Pro
cursor pro软件,Bing,Cursor Pro
cursor pro如何付费,Bing,Cursor Pro
cursor pro usage,Bing,Cursor Pro
cursor pro usage,Google,Cursor Pro
cursor pro usage limits,Bing,Cursor Pro
cursor pro usage limits,Google,Cursor Pro
cursor pro unlimited,Bing,Cursor Pro
cursor pro unlimited,Google,Cursor Pro
cursor pro ultra,Bing,Cursor Pro
cursor pro ultra,Google,Cursor Pro
cursor pro ultra 区别,Bing,Cursor Pro
cursor pro ultra 区别,Google,Cursor Pro
cursor pro 使用限制,Google,Cursor Pro
cursor pro是什么,Bing,Cursor Pro
cursor pro是什么,Google,Cursor Pro
cursor pro使用额度,Google,Cursor Pro
cursor pro 使用量,Google,Cursor Pro
cursor pro上限,Google,Cursor Pro
cursor pro 使用次数,Google,Cursor Pro
cursor pro 收费,Google,Cursor Pro
cursor pro student free,Bing,Cursor Pro
cursor pro student free,Google,Cursor Pro
cursor pro subscription,Bing,Cursor Pro
cursor pro subscription,Google,Cursor Pro
cursor pro试用,Bing,Cursor Pro
cursor pro是无限的吗,Bing,Cursor Pro
cursor pro使用教程,Bing,Cursor Pro
cursor pro 上限,Bing,Cursor Pro
cursor pro student 台灣,Bing,Cursor Pro
cursor pro 限制,Bing,Cursor Pro
cursor pro 限制,Google,Cursor Pro
cursor pro 学生,Bing,Cursor Pro
cursor pro 学生,Google,Cursor Pro
cursor pro 学生认证,Google,Cursor Pro
cursor pro下载,Bing,Cursor Pro
cursor pro下载,Google,Cursor Pro
cursor pro 续杯,Google,Cursor Pro
cursor pro 限额,Bing,Cursor Pro
cursor pro 限额,Google,Cursor Pro
cursor 评测,Google,Cursor Pro
cursor proxy設定,Bing,Cursor Pro
cursor proxy设置,Bing,Cursor Pro
cursor pro 学生免费,Bing,Cursor Pro
cursor pro vs pro+,Bing,Cursor Pro
cursor pro vs pro+,Google,Cursor Pro
cursor pro vs ultra,Bing,Cursor Pro
cursor pro vs ultra,Google,Cursor Pro
cursor pro vs free,Bing,Cursor Pro
cursor pro vs free,Google,Cursor Pro
cursor pro 用量限制,Google,Cursor Pro
cursor pro 有多少token,Google,Cursor Pro
cursor pro有限制吗,Google,Cursor Pro
cursor pro有什么用,Google,Cursor Pro
cursor pro 优惠,Bing,Cursor Pro
cursor pro 优惠,Google,Cursor Pro
cursor pro一个月多少额度,Google,Cursor Pro
cursor pro 优惠 码,Google,Cursor Pro
cursor pro you've hit your usage limit,Bing,Cursor Pro
cursor pro you've hit your usage limit,Google,Cursor Pro
cursor pro 用量,Bing,Cursor Pro
cursor pro有什么区别,Bing,Cursor Pro
cursor pro有多少token,Bing,Cursor Pro
cursor pro一个月多少token,Bing,Cursor Pro
cursor pro用量限制,Bing,Cursor Pro
cursor pro一个月多少钱,Bing,Cursor Pro
cursor pro 有限制吗,Bing,Cursor Pro
cursor pro 一个月够用吗,Bing,Cursor Pro
cursor pro 无限 续 杯,Google,Cursor Pro
cursor pro windows,Bing,Cursor Pro
cursor pro windows,Google,Cursor Pro
cursor pro worth it reddit,Bing,Cursor Pro
cursor pro worth it reddit,Google,Cursor Pro
cursor pro无限续杯,Bing,Cursor Pro
cursor pro 无限续杯插件,Bing,Cursor Pro
cursor pro windows助手,Bing,Cursor Pro
cursorpro无限使用软件,Bing,Cursor Pro
cursor教程 bilibili,Google,Cursor 教程
cursor 教程 2025,Google,Cursor 教程
cursor 教程 vscode,Google,Cursor 教程
cursor 教程 2024,Google,Cursor 教程
cursor 教程 视频,Google,Cursor 教程
cursor 教程 中文,Google,Cursor 教程
cursor 教程 idea,Google,Cursor 教程
cursor 教程 pdf,Bing,Cursor 教程
cursor 教程 pdf,Google,Cursor 教程
cursor 教程 java,Google,Cursor 教程
cursor 教程 ppt,Google,Cursor 教程
cursor教程 youtube,Google,Cursor 教程
cursor 教程 github,Google,Cursor 教程
cursor 教程 最新,Google,Cursor 教程
cursor 教程 知 乎,Google,Cursor 教程
cursor 教程 pycharm,Google,Cursor 教程
cursor教程中文,Bing,Cursor 教程
cursor教程从0到一,Bing,Cursor 教程
cursor教程使用,Bing,Cursor 教程
cursor教程全自动代码生成器,Bing,Cursor 教程
cursor教程 b站,Bing,Cursor 教程
cursor教程下载,Bing,Cursor 教程
cursor教程csdn,Bing,Cursor 教程
cursor教程python,Bing,Cursor 教程
cursor教程 vscode,Bing,Cursor 教程
cursor 使用 教程 android,Google,Cursor 教程
cursor使用教程 android studio,Google,Cursor 教程
cursor教程2024,Bing,Cursor 教程
cursor pro 账号,Google,Cursor Pro
cursor pro 支付宝,Bing,Cursor Pro
cursor pro 支付宝,Google,Cursor Pro
cursor pro值得买吗,Google,Cursor Pro
cursor pro怎么样,Google,Cursor Pro
cursor pro账户,Google,Cursor Pro
cursor pro 中国,Google,Cursor Pro
cursor pro 账号 购买,Bing,Cursor Pro
cursor pro 制限,Bing,Cursor Pro
cursor pro怎么用,Bing,Cursor Pro
cursor pro账号能几个人用,Bing,Cursor Pro
cursor pro支持几台设备,Bing,Cursor Pro
cursor pro 支持的模型,Bing,Cursor Pro
cursor pro 怎么样,Bing,Cursor Pro
cursor pro 自动化工具,Bing,Cursor Pro
cursor pro 自动化工具使用说明,Bing,Cursor Pro
cursor使用教程 bilibili,Google,Cursor 教程
cursor memory bank 教程,Google,Cursor 教程
cursor 最新 版 教程,Google,Cursor 教程
cursor 教学,Google,Cursor 教程
cursor deepseek 教程,Google,Cursor 教程
cursor 写 代码 教程,Google,Cursor 教程
cursor debug python教程,Google,Cursor 教程
cursor 生成 代码 教程,Google,Cursor 教程
cursor 如何使用,Google,Cursor 教程
cursor cli 教程,Google,Cursor 教程
cursor claude 教程,Google,Cursor 教程
cursor cli使用教程,Google,Cursor 教程
cursor claude 3.7 教程,Google,Cursor 教程
cursor claude code 教程,Google,Cursor 教程
cloudflare cursor 教程,Google,Cursor 教程
vscode cursor使用教程,Bing,Cursor 教程
idea cursor使用教程,Bing,Cursor 教程
安装cursor教程,Bing,Cursor 教程
免费使用cursor教程,Bing,Cursor 教程
ubuntu cursor安装教程,Bing,Cursor 教程
idea使用cursor教程,Bing,Cursor 教程
pycharm cursor使用教程,Bing,Cursor 教程
cursor edu 教程,Google,Cursor 教程
cursor 学生 认证 教程,Google,Cursor 教程
cursor 学生 教程,Google,Cursor 教程
cursor git 教程,Google,Cursor 教程
cursor 学习 教程,Google,Cursor 教程
cursor 学生 注册 教程,Google,Cursor 教程
cursor golang 教程,Google,Cursor 教程
cursor 使用 教程 golang,Google,Cursor 教程
cursor git 使用 教程,Google,Cursor 教程
cursor gemini 教程,Google,Cursor 教程
cursor 使用 教程 idea,Google,Cursor 教程
cursor 使用 教程 ios,Google,Cursor 教程
cursor使用,Google,Cursor 教程
cursor figma 教程,Google,Cursor 教程
cursor 配置 mcp 教程,Google,Cursor 教程
cursor 配置 教程,Google,Cursor 教程
cursor 保姆 级 教程,Google,Cursor 教程
cursor 续 杯 教程,Google,Cursor 教程
cursor 安装 配置 教程,Google,Cursor 教程
cursor composer 教程,Google,Cursor 教程
cursor 官方 教程,Google,Cursor 教程
cursor 高级 教程,Google,Cursor 教程
cursor 完全 使用 教程,Google,Cursor 教程
cursor 国内 使用 教程,Google,Cursor 教程
cursor 完整 教程,Google,Cursor 教程
cursor codeium 教程,Google,Cursor 教程
cursor vibe coding 教程,Google,Cursor 教程
cursor 更新 教程,Google,Cursor 教程
spec kit cursor 教程,Google,Cursor 教程
cursor 教程 mac,Google,Cursor 教程
cursor 教程 免费,Google,Cursor 教程
cursor mcp 教程,Google,Cursor 教程
cursor 免费 使用 教程,Google,Cursor 教程
cursor mcp 使用 教程,Google,Cursor 教程
cursor mcp mysql 教程,Google,Cursor 教程
cursor mdc 教程,Google,Cursor 教程
cursor 安装 教程 mac,Google,Cursor 教程
cursor 基础 教程,Google,Cursor 教程
cursor mcp server 教程,Google,Cursor 教程
cursor mcp 开发 教程,Google,Cursor 教程
playwright mcp cursor 教程,Google,Cursor 教程
open spec cursor 教程,Google,Cursor 教程
cursor 使用 教程 python,Google,Cursor 教程
cursor python 教程,Google,Cursor 教程
cursor pro 教程,Google,Cursor 教程
cursor pycharm 使用 教程,Google,Cursor 教程
cursor prompt教程,Google,Cursor 教程
cursor使用教程python,Bing,Cursor 教程
cursor使用教程pycharm,Bing,Cursor 教程
cursorrules 教程,Google,Cursor 教程
cursor rules 使用 教程,Google,Cursor 教程
cursor remote ssh 教程,Google,Cursor 教程
cursor 使用 教程,Google,Cursor 教程
cursor 使用 教程 java,Google,Cursor 教程
cursor 使用 教程 vscode,Google,Cursor 教程
cursor 下载 教程,Google,Cursor 教程
cursor 使用 教程 2025,Google,Cursor 教程
cursor 下载 安装 教程,Google,Cursor 教程
cursor ai 使用 教程,Google,Cursor 教程
cursor 安装 使用 教程,Google,Cursor 教程
cursor 使用 教程 2024,Google,Cursor 教程
cursor student 教程,Google,Cursor 教程
cursor使用教程中文,Bing,Cursor 教程
cursor注册教程,Bing,Cursor 教程
cursor unity 教程,Google,Cursor 教程
cursor windows 教程,Google,Cursor 教程
cursor 安装 教程 ubuntu,Google,Cursor 教程
cursor编辑器教程,Google,Cursor 教程
cursor 的 使用 教程,Google,Cursor 教程
cursor 注册 教程,Google,Cursor 教程
cursor 充值 教程,Google,Cursor 教程
cursor 提示 词 教程,Google,Cursor 教程
cursor 使用 教程 中文,Google,Cursor 教程
cursor 的 教程,Google,Cursor 教程
cursor添加mcp教程,Google,Cursor 教程
cursor 使用 教程 ppt,Google,Cursor 教程
cursor xcode 教程,Google,Cursor 教程
cursor ssh 教程,Google,Cursor 教程
cursor linux 安装 教程,Google,Cursor 教程
cursor xcode 使用教程,Google,Cursor 教程
cursor ssh连接教程,Google,Cursor 教程
cursor linux教程,Google,Cursor 教程
cursor 最新 破解 教程,Google,Cursor 教程
cursor 前端 使用 教程,Google,Cursor 教程
cursor java 开发 教程,Google,Cursor 教程
cursor使用教程-android,Bing,Cursor 教程
cursor的.cursorrules,Bing,Cursor 教程
cursor:pointer怎么用,Bing,Cursor 教程
cursor 定价,Google,Cursor 价格
cursor 收费 么,Google,Cursor 价格
cursor 价格 优惠,Bing,Cursor 价格
cursor 价格 优惠,Google,Cursor 价格
cursor 价格太贵,Bing,Cursor 价格
cursor价格调整,Bing,Cursor 价格
cursor订阅价格,Bing,Cursor 价格
cursor团队版价格,Bing,Cursor 价格
cursor模型价格,Bing,Cursor 价格
cursor 价格 v2ex,Google,Cursor 价格
cursor 价格 对比,Google,Cursor 价格
cursor 价格 太 贵,Google,Cursor 价格
cursor 价格 调整,Google,Cursor 价格
cursor 模型 价格,Google,Cursor 价格
cursor 团队 版 价格,Google,Cursor 价格
cursor 订阅 价格,Google,Cursor 价格
cursor 会员 价格,Google,Cursor 价格
cursor 企业 版 价格,Google,Cursor 价格
cursor max 价格,Google,Cursor 价格
cursor max mode 价格,Google,Cursor 价格
cursor api 价格,Google,Cursor 价格
cursor business 价格,Google,Cursor 价格
cursor 商业版价格,Google,Cursor 价格
cursor 专业 版 价格,Google,Cursor 价格
cursor 个人 版 价格,Google,Cursor 价格
cursor的价格,Bing,Cursor 价格
cursor各个模型价格,Bing,Cursor 价格
cursor官网价格,Bing,Cursor 价格
cursor 0.44版本下载,Bing,Cursor 价格
custom cursor ​官网,Bing,Cursor 价格
cursor claude 价格,Google,Cursor 价格
cursor claude 4 价格,Google,Cursor 价格
cursor claude 3.7 价格,Google,Cursor 价格
cursor cli 价格,Google,Cursor 价格
cursor claude code 价格,Google,Cursor 价格
cursor deepseek 价格,Google,Cursor 价格
cursor 续费,Google,Cursor 价格
cursor enterprise 价格,Google,Cursor 价格
cursor 学生 价格,Google,Cursor 价格
cursor 价格 区别,Google,Cursor 价格
cursor 各个 模型 价格,Google,Cursor 价格
cursor composer 价格,Google,Cursor 价格
cursor 和 copilot 价格,Google,Cursor 价格
cursor 收费,Google,Cursor 价格
cursor-small怎么样,Bing,Cursor 价格
cursor-small和cursor-3.5,Bing,Cursor 价格
cursor 价格 表,Google,Cursor 价格
cursor 不同 模型 价格,Google,Cursor 价格
cursor 模型 价格 表,Google,Cursor 价格
cursor 各 模型 价格,Google,Cursor 价格
cursor 收费 价格,Google,Cursor 价格
cursor o1 价格,Google,Cursor 价格
cursor 的 价格,Google,Cursor 价格
cursor token 价格,Google,Cursor 价格
cursor team 价格,Google,Cursor 价格
cursor 付费 价格,Google,Cursor 价格
cursor 包 年 价格,Google,Cursor 价格
cursor 一 年 价格,Google,Cursor 价格
cursor每月 价格,Google,Cursor 价格
cursor 使用 价格,Google,Cursor 价格
cursor 最新价格,Google,Cursor 价格
cursor ultra 价格,Google,Cursor 价格
cursor、windsurf价格,Google,Cursor 价格
custom cursor for windows下载,Bing,Cursor 价格
cursor v0.44.11 下载,Bing,Cursor 价格
cursor 拼车 v2ex,Google,Cursor 拼车
cursor 商业 版 拼车,Google,Cursor 拼车
cursor 如何 拼车,Google,Cursor 拼车
cursor ultra 拼车,Google,Cursor 拼车
cursor 可以 拼车 吗,Google,Cursor 拼车
cursor business 拼车,Google,Cursor 拼车
cursor写作,Google,Cursor 拼车
cursor pro拼车,Bing,Cursor 拼车
拼车cursor,Bing,Cursor 拼车
cursor可以拼车吗,Bing,Cursor 拼车
cursor-auto-free 使用,Bing,Cursor 拼车
cursor auto free 教程,Bing,Cursor 拼车
cursor-auto-free教程,Bing,Cursor 拼车
cursor auto free 使用教程,Bing,Cursor 拼车
cursor-auto-free使用教程,Bing,Cursor 拼车
cursor-auto-free 怎么用,Bing,Cursor 拼车
cursor-auto-free如何使用,Bing,Cursor 拼车
cursor-auto-free 怎么使用,Bing,Cursor 拼车
cursor_bypass 下载,Bing,Cursor 拼车
cursor设置,Google,Cursor 拼车
html中cursor:pointer,Bing,Cursor 拼车
html中cursor:pointer什么意思,Bing,Cursor 拼车
cursor ctrl+k没反应,Bing,Cursor 拼车
open_cursors是什么,Bing,Cursor 拼车
www.cursor.so 介绍,Bing,Cursor 拼车
cursor: pointer 是什么,Bing,Cursor 拼车
cursor vs code 插件,Bing,Cursor 拼车
cursor 合租 平台,Google,Cursor 合租
cursor 账号 合租,Google,Cursor 合租
cursor 可以 合租 吗,Google,Cursor 合租
cursor可以合租吗,Bing,Cursor 合租
cursor能合租吗,Bing,Cursor 合租
cursor_sharing设置,Bing,Cursor 合租
cursor-spacing不生效,Bing,Cursor 合租
cursor 合租,Google,Cursor 合租
cursor做网站,Google,Cursor 合租
cursor集成claude 3.5应用场景,Bing,Cursor 合租
一站式解决cursor软件下载cursorfree1.0,Bing,Cursor 合租
cursor-tutor是什么文件夹,Bing,Cursor 合租
cursor使用教程-java,Bing,Cursor 合租
cursor 配置 java 开发环境,Bing,Cursor 合租
cursor 开发 ios app,Bing,Cursor 合租
cursor main.js在哪,Bing,Cursor 合租
cursor.close 有什么用,Bing,Cursor 合租
macos cursors for windows下载,Bing,Cursor 合租
open_cursors 設定,Bing,Cursor 合租
cursor free trial 重置工具,Bing,Cursor 合租
crosshairs功能、cursor value功能,Bing,Cursor 合租
cursor-free-vip 使用,Bing,Cursor 合租
multiple cursor case preserve是什么,Bing,Cursor 合租
cursor-vscode使用教程,Bing,Cursor 合租
cursor 同步 vscode 插件,Bing,Cursor 合租
cursor-spacing是什么,Bing,Cursor 合租
cursor 汉化 版,Google,Cursor 汉化
cursor 汉化 mac,Google,Cursor 汉化
cursor 汉化 失败,Google,Cursor 汉化
cursor 汉化 设置,Google,Cursor 汉化
cursor 汉化 补丁,Google,Cursor 汉化
cursor settings 汉化,Google,Cursor 汉化
cursor 如何 汉化,Google,Cursor 汉化
cursor 完全 汉化,Google,Cursor 汉化
cursor 中文 汉化,Google,Cursor 汉化
cursor 界面 汉化,Google,Cursor 汉化
cursor 可以 汉化吗,Google,Cursor 汉化
cursor ai 汉化,Google,Cursor 汉化
cursor 编辑 器 汉化,Google,Cursor 汉化
cursor汉化插件,Bing,Cursor 汉化
cursor汉化包,Bing,Cursor 汉化
cursor汉化失败,Bing,Cursor 汉化
cursor汉化版,Bing,Cursor 汉化
cursor汉化怎么设置,Bing,Cursor 汉化
cursor汉化方法,Bing,Cursor 汉化
cursor汉化步骤,Bing,Cursor 汉化
cursor汉化游戏,Bing,Cursor 汉化
cursor汉化工具,Bing,Cursor 汉化
cursor 下载 安装,Google,Cursor 汉化
cursor汉化网站,Bing,Cursor 汉化
cursor 汉化,Bing,Cursor 汉化
cursor 汉化,Google,Cursor 汉化
cursor汉化版下载,Bing,Cursor 汉化
cursor汉化不完全,Bing,Cursor 汉化
cursor汉化不了,Bing,Cursor 汉化
cursor汉化包下载,Bing,Cursor 汉化
cursor汉化不全,Bing,Cursor 汉化
cursor汉化不彻底,Bing,Cursor 汉化
cursor 离线,Google,Cursor 汉化
cursor怎么汉化,Bing,Cursor 汉化
cursor如何汉化,Bing,Cursor 汉化
cursor完全汉化,Bing,Cursor 汉化
如何汉化cursor,Bing,Cursor 汉化
cursor汉化资源,Bing,Cursor 汉化
cursor汉化后设置还是英文,Bing,Cursor 汉化
cursor 改 中文,Google,Cursor 汉化
cursor 汉化 教程,Google,Cursor 汉化
cursor 全 汉化,Google,Cursor 汉化
cursor 函数 跳 转,Google,Cursor 汉化
cursor汉化设置,Bing,Cursor 汉化
cursor汉化软件,Bing,Cursor 汉化
cursor 状态,Google,Cursor 充值
cursor pointer 用法,Google,Cursor 充值
cursor 跳 转,Google,Cursor 充值
cursor 充值,Google,Cursor 充值
cursor 指令,Google,Cursor 充值
cursor充值教程,Bing,Cursor 充值
cursor充值 支付宝,Bing,Cursor 充值
cursor充值方式,Bing,Cursor 充值
cursor充值方式,Google,Cursor 充值
cursor充值机器码,Bing,Cursor 充值
cursor充值后,Bing,Cursor 充值
cursor充值失败,Bing,Cursor 充值
cursor充值开发票,Bing,Cursor 充值
cursor充值方法,Bing,Cursor 充值
cursor充值优惠,Bing,Cursor 充值
cursor充值会员,Bing,Cursor 充值
cursor充值pro,Bing,Cursor 充值
cursor 充值 支付宝,Google,Cursor 充值
cursor 充值 渠道,Google,Cursor 充值
cursor 充值 会员,Google,Cursor 充值
cursor 充值 卡,Google,Cursor 充值
cursor 充值 国内,Google,Cursor 充值
cursor 充值 失败,Google,Cursor 充值
cursor 充值 页面,Google,Cursor 充值
cursor pro 充值,Google,Cursor 充值
cursor 账号 充值,Google,Cursor 充值
cursor 中国 充值,Google,Cursor 充值
cursor 低 价 充值,Google,Cursor 充值
如何 给 cursor 充值,Google,Cursor 充值
cursor 充值 方式,Google,Cursor 充值
cursor 充值方法,Google,Cursor 充值
cursor怎么充值,Bing,Cursor 充值
cursor代充值,Bing,Cursor 充值
cursor支付宝充值,Bing,Cursor 充值
cursor怎么充值会员,Bing,Cursor 充值
如何充值cursor,Bing,Cursor 充值
cursor国内充值,Bing,Cursor 充值
cursor 国内 怎么 充值,Google,Cursor 充值
wildcard充值cursor,Google,Cursor 充值
cursor 小程序,Google,Cursor 充值
cursor 快捷键设置,Google,Cursor 快捷键
cursor快捷键大全,Bing,Cursor 快捷键
cursor快捷键大全,Google,Cursor 快捷键
cursor 快捷键 idea,Bing,Cursor 快捷键
cursor 快捷键 idea,Google,Cursor 快捷键
cursor 快捷键修改,Google,Cursor 快捷键
cursor 快捷键配置,Bing,Cursor 快捷键
cursor 快捷键配置,Google,Cursor 快捷键
cursor 快捷 键 冲突,Google,Cursor 快捷键
cursor 快捷 键 mac,Google,Cursor 快捷键
cursor快捷键设置成idea的,Bing,Cursor 快捷键
cursor快捷键修改,Bing,Cursor 快捷键
cursor快捷键打开对话,Bing,Cursor 快捷键
cursor 快捷键冲突,Bing,Cursor 快捷键
cursor快捷键注释,Bing,Cursor 快捷键
cursor快捷键不生效,Bing,Cursor 快捷键
cursor快捷键怎么设置,Bing,Cursor 快捷键
cursor快捷键ai,Bing,Cursor 快捷键
cursor打开ai的快捷键,Bing,Cursor 快捷键
cursor唤出ai快捷键,Bing,Cursor 快捷键
cursor唤醒ai快捷键,Bing,Cursor 快捷键
cursor调出ai快捷键,Bing,Cursor 快捷键
cursor 布局,Google,Cursor 快捷键
cursor注释快捷键,Bing,Cursor 快捷键
cursor格式化代码快捷键,Bing,Cursor 快捷键
cursor设置快捷键,Bing,Cursor 快捷键
cursor快捷键chat,Bing,Cursor 快捷键
cursor快捷键重置,Bing,Cursor 快捷键
cursor快捷键打开ai,Bing,Cursor 快捷键
cursor快捷键对齐,Bing,Cursor 快捷键
cursor快捷键打开终端,Bing,Cursor 快捷键
cursor快捷键放大,Bing,Cursor 快捷键
cursor快捷键风格,Bing,Cursor 快捷键
cursor 快捷键 mac,Bing,Cursor 快捷键
cursor 快捷键 折叠代码,Bing,Cursor 快捷键
cursor快捷键更改,Bing,Cursor 快捷键
cursor快捷键格式化,Bing,Cursor 快捷键
cursor快捷键改为idea,Bing,Cursor 快捷键
cursor快捷键冲突,Bing,Cursor 快捷键
cursor指令,Google,Cursor 快捷键
cursor快捷键恢复默认,Bing,Cursor 快捷键
cursor composer 快捷键,Google,Cursor 快捷键
cursor 快捷键无效,Bing,Cursor 快捷键
cursor terminal 快捷键,Google,Cursor 快捷键
cursor chat 快捷键,Google,Cursor 快捷键
cursor 注解 快捷键,Google,Cursor 快捷键
cursor快捷键失效,Bing,Cursor 快捷键
cursor快捷键删除一行,Bing,Cursor 快捷键
cursor快捷键搜索文件,Bing,Cursor 快捷键
cursor快捷键使用,Bing,Cursor 快捷键
cursor快捷键设置在哪,Bing,Cursor 快捷键
cursor快捷键vscode,Bing,Cursor 快捷键
cursor快捷键详解,Bing,Cursor 快捷键
cursor 自动排版 快捷键,Google,Cursor 快捷键
cursor 快捷键占用,Bing,Cursor 快捷键
cursor快捷键怎么改,Bing,Cursor 快捷键
cursor快捷键在哪里设置,Bing,Cursor 快捷键
cursor快捷键有哪些,Bing,Cursor 快捷键
cursor vs code extension,Bing,Cursor VS Code
cursor vs code extension,Google,Cursor VS Code
cursor vscode使用,Bing,Cursor VS Code
cursor vscode布局,Bing,Cursor VS Code
cursor vs code download,Bing,Cursor VS Code
cursor vs code download,Google,Cursor VS Code
cursor vscode 对比,Bing,Cursor VS Code
cursor vscode 比較,Bing,Cursor VS Code
cursor vscode 違い,Bing,Cursor VS Code
cursor vscode 安装,Bing,Cursor VS Code
cursor vscode比较,Bing,Cursor VS Code
claude code vs cursor 对比,Google,Cursor VS Code
cursor vscode插件同步,Bing,Cursor VS Code
cursor vscode插件使用,Bing,Cursor VS Code
cursor vscode 冲突,Bing,Cursor VS Code
cursor vscode 侧边栏,Bing,Cursor VS Code
cursor downloading vs code server 慢,Google,Cursor VS Code
cursor vscode登录不上,Bing,Cursor VS Code
cursor vscode导入,Bing,Cursor VS Code
cursor vs code fork,Bing,Cursor VS Code
cursor vs code fork,Google,Cursor VS Code
cursor vscode风格,Bing,Cursor VS Code
cursor vscode服务器下载太慢了,Bing,Cursor VS Code
cursor vscode import没反应,Bing,Cursor VS Code
cursor 对比 vscode,Google,Cursor VS Code
cursor 比较,Google,Cursor VS Code
cursor vscode 环境,Bing,Cursor VS Code
cursor vscode 共存,Bing,Cursor VS Code
cursor vscode 关系,Bing,Cursor VS Code
cursor vscode 拡張機能,Bing,Cursor VS Code
cursor vscode 教學,Bing,Cursor VS Code
cursor vscode 教程,Bing,Cursor VS Code
cursor vscode 拡張機能 同期,Bing,Cursor VS Code
cursor vscode 扩展,Bing,Cursor VS Code
cursor vscode 快捷键,Bing,Cursor VS Code
cursor vscode 无法登录,Bing,Cursor VS Code
cursor vscode免费,Bing,Cursor VS Code
cursor vscode 区别,Bing,Cursor VS Code
cursor vscode配置,Bing,Cursor VS Code
cursor vscode配置导入,Bing,Cursor VS Code
cursor vscode 平替,Bing,Cursor VS Code
cursor vscode迁移,Bing,Cursor VS Code
cursor vscode 日本語,Bing,Cursor VS Code
cursor vscode如何使用,Bing,Cursor VS Code
cursor vscode设置,Bing,Cursor VS Code
cursor vscode使用教程,Bing,Cursor VS Code
cursor vscode设置中文,Bing,Cursor VS Code
cursor vscode 色,Bing,Cursor VS Code
cursor vscode 使い方,Bing,Cursor VS Code
cursor vscode 插件,Bing,Cursor VS Code
cursor vscode 同期,Bing,Cursor VS Code
cursor vscode替代,Bing,Cursor VS Code
cursor vscode下载,Bing,Cursor VS Code
cursor vscode 移行,Bing,Cursor VS Code
cursor vscode以外,Bing,Cursor VS Code
cursor vscode 引継ぎ,Bing,Cursor VS Code
cursor vscode 中文,Bing,Cursor VS Code
cursor vscode主题,Bing,Cursor VS Code
cursor vscode怎么用,Bing,Cursor VS Code
cursor vscode中文设置,Bing,Cursor VS Code
cursor vscode 注意点,Bing,Cursor VS Code
